{"sum":{"1.0":28,"1.2":44,"1.4":98,"1.5":61,"1.6":691,"1.7":2360,"1.8":3418,"1.9":1874,"2.0":2997,"2.1":3073,"2.2":1979,"2.3":2361,"2.4":14829,"2.5":14807,"2.6":3761,"2.7":25048,"2.8":124730,"2.9":57937,"3.0":161473,"3.1":320836,"3.2":226913,"3.3":1548893,"3.4":951726,"3.5":1552129,"3.6":1651021,"3.7":8142601,"3.8":10601457,"3.9":11446651,"4.0":100204794,"4.1":134511686,"4.2":123674307,"4.3":306206195,"4.4":395625842,"4.5":506989995,"4.6":326843729,"4.7":138299879,"4.8":20877708,"4.9":1940739,"5.0":2384},"mean":{"1.0":1.75,"1.2":44.0,"1.4":32.6666666667,"1.5":20.3333333333,"1.6":172.75,"1.7":295.0,"1.8":427.25,"1.9":170.3636363636,"2.0":249.75,"2.1":384.125,"2.2":141.3571428571,"2.3":118.05,"2.4":780.4736842105,"2.5":740.35,"2.6":156.7083333333,"2.7":1089.0434782609,"2.8":3118.25,"2.9":1287.4888888889,"3.0":1993.4938271605,"3.1":4649.7971014493,"3.2":3601.7936507937,"3.3":15488.93,"3.4":7553.380952381,"3.5":9949.5448717949,"3.6":9886.3532934132,"3.7":36350.8973214286,"3.8":37068.0314685315,"3.9":31884.8217270195,"4.0":195330.9824561403,"4.1":216604.9694041868,"4.2":152684.3296296296,"4.3":341366.9955406912,"4.4":442040.0469273743,"4.5":597865.5601415094,"4.6":478541.3308931186,"4.7":312895.6538461539,"4.8":94469.2669683258,"4.9":22832.2235294118,"5.0":8.7970479705}}